source,source_file,column_name,sample_values,blind_label,blind_confidence,finetype_label,finetype_confidence,agreement,final_label,reasoning,ground_truth_label,ground_truth_source
sherlock,,,"[""14.67"", ""--"", ""7.53"", ""9.08""]",representation.numeric.decimal_number,medium,representation.numeric.decimal_number,0.75,yes,representation.numeric.decimal_number,,industry,sherlock
sherlock,,,"[""None"", ""None"", ""None"", ""None"", ""None"", ""None"", ""None"", ""None"", ""None"", ""None"", ""None"", ""None"", ""None"", ""None"", ""None"", ""None"", ""None"", ""None"", ""None"", ""None""]",representation.text.plain_text,low,geography.address.street_suffix,1.0,no,representation.text.plain_text,FineType incorrectly classified all-None values as street_suffix; these are null/missing values best labeled as plain_text.,notes,sherlock
sherlock,,,"[""Albertville"", ""Nagano"", ""Salt Lake City"", ""Torino""]",geography.location.city,high,geography.location.region,0.5,no,geography.location.city,Values are Winter Olympic host cities; FineType chose region but city is more precise.,city,sherlock
sherlock,,,"[""Spartak Moskou"", ""Amkar Perm"", ""Alania Vladikavkaz"", ""Dinamo Moskou"", ""Volga""]",representation.text.entity_name,high,geography.location.region,0.1,no,representation.text.entity_name,Russian football club names; FineType chose region but these are team/organization entities.,club,sherlock
sherlock,,,"[""Mr G R Davison"", """", ""Mrs G Ward"", ""Mrs M Dempsey"", ""Mr P Ward"", ""Mr C T Norman""]",identity.person.full_name,high,representation.text.entity_name,0.667,no,identity.person.full_name,,owner,sherlock
sherlock,,,"[""ZAF"", ""ZAF"", ""BEL"", ""FRA"", ""DEU"", ""ZAF"", ""SVK"", ""BEL"", ""GBR"", ""DEU"", ""FRA"", ""ZAF"", ""GBR"", ""ZAF"", ""CHE"", ""ZAF"", ""ZAF"", ""ZAF"", ""ZAF"", ""ZAF""]",geography.location.country_code,high,geography.transportation.iata_code,1.0,no,geography.location.country_code,All values are valid ISO 3166-1 alpha-3 country codes; FineType chose iata_code (airport codes) which is wrong.,country,sherlock
sherlock,,,"[""Seattle WA"", ""Houston TX"", ""Denver CO"", ""Denver CO"", ""Denver CO"", ""Denver CO"", ""Kansas City MO"", ""Detroit MI"", ""Denver CO"", ""Oakland CA"", ""Cleveland OH"", ""Denver CO"", ""Indianapolis IN"", ""Denver CO"", ""Chicago IL"", ""Denver CO"", ""San Diego CA"", ""Denver CO"", ""Pittsburgh PA"", ""Denver CO""]",geography.location.city,medium,representation.text.entity_name,0.125,no,geography.location.city,Values are US city+state pairs (e.g. 'Seattle WA'); FineType chose entity_name but these are city references.,city,sherlock
sherlock,,,"[""last.fm scrobbling"", ""cover-fetching from last.fm"", ""MPRIS2 support"", ""MPRIS2 support""]",representation.text.plain_text,medium,representation.text.entity_name,0.75,no,representation.text.plain_text,Software feature descriptions; FineType chose entity_name but these are descriptive sentences/phrases.,description,sherlock
sherlock,,,"[""Austin"", ""Austin"", ""Austin"", ""Austin"", ""Austin"", ""Austin"", ""Austin"", ""Online"", ""Online"", ""Raleigh"", ""Raleigh"", ""Online"", ""Boulder"", ""Online"", ""Austin"", ""Portage"", ""Portage"", ""Portage"", ""Portage"", ""Portage""]",geography.location.city,high,geography.location.country,0.4,no,geography.location.city,"City names; FineType chose country with low confidence, city is more accurate.",city,sherlock
sherlock,,,"[""Phones"", ""System Peripheral Gateway (PG) Deployments""]",representation.text.plain_text,medium,identity.person.last_name,0.5,no,representation.text.plain_text,Product/technology category names; FineType chose last_name which is wrong.,component,sherlock
sherlock,,,"[""Students"", ""Lecturers"", ""Funding""]",representation.text.plain_text,medium,identity.person.last_name,0.333,no,representation.text.plain_text,"Category names (Students, Lecturers, Funding); FineType chose last_name which is wrong.",year,sherlock
sherlock,,,"[""Home"", ""Away"", ""Home"", ""Away"", ""Home"", ""Away"", """"]",representation.discrete.categorical,high,representation.text.entity_name,0.429,no,representation.discrete.categorical,Home/Away are categorical values; FineType chose entity_name which is wrong.,location,sherlock
sherlock,,,"[""France"", ""Italy"", ""Denmark"", ""German Empire"", ""United States"", ""Italy"", ""Sweden"", ""France"", ""Spain"", ""German Empire"", ""Austria-Hungary"", ""United States"", ""United States"", ""Russia"", ""United States"", ""France"", ""United States"", ""tbd"", ""German Empire"", ""Serbia""]",geography.location.country,high,geography.location.country,0.7,yes,geography.location.country,,nationality,sherlock
sherlock,,,"[""Import"", ""Arcade"", ""RPG"", ""Puzzle"", ""Adventure"", ""Action"", ""Import"", ""Action"", ""Action"", ""Import"", ""Action"", ""Import"", ""Action"", ""Adventure"", ""Platformer"", ""Action"", ""Platformer"", ""Puzzle"", ""Puzzle"", ""Arcade""]",representation.discrete.categorical,high,identity.person.last_name,0.4,no,representation.discrete.categorical,Game genre categories; FineType chose last_name which is incorrect.,genre,sherlock
sherlock,,,"[""10 a) Institution\u2019s carbon emissions per head (0 to 4 points depending on carbon emissions per head compared to other institutions)"", ""10 b) Institutional carbon emissions reductions compared to sector-wide carbon reduction targets from 2005 baseline. (0 - 4 points)"", ""Total out of 8 points:""]",representation.text.sentence,high,representation.text.sentence,0.8,yes,representation.text.sentence,,area,sherlock
sherlock,,,"[""FEMALE"", ""FEMALE"", ""FEMALE"", ""FEMALE"", ""FEMALE"", ""FEMALE"", ""FEMALE"", ""None"", ""MALE"", ""MALE"", ""MALE"", ""MALE"", ""MALE"", ""MALE"", ""MALE""]",identity.person.gender,high,representation.boolean.terms,0.5,no,identity.person.gender,FEMALE/MALE gender labels; FineType chose boolean.terms but gender is the correct type.,gender,sherlock
sherlock,,,"[""Seafoam Islands (B2f)"", ""Seafoam Islands (B4f)"", ""Cerulean Cave (B1f)"", ""Cerulean Cave (1f)"", ""Route 23""]",representation.text.plain_text,medium,representation.text.entity_name,1.0,no,representation.text.plain_text,Location names in a game (Pokemon areas); FineType chose entity_name but plain_text is more appropriate for these fictional place names.,area,sherlock
sherlock,,,"[""1"", ""1"", ""2"", ""3""]",representation.numeric.integer_number,medium,representation.numeric.integer_number,0.8,yes,representation.numeric.integer_number,,genre,sherlock
sherlock,,,"[""Processor"", ""Operating System"", ""Memory"", ""Display"", ""Dimensions"", ""Weight"", ""Video Graphics"", ""Storage"", ""Battery"", ""Battery Life"", ""Camera"", ""I/O (Input/Output) Ports"", ""Audio"", ""Navigation"", ""Bluetooth"", ""Keyboard"", ""WWAN"", ""WLAN"", ""Optical Drives""]",representation.text.plain_text,high,geography.location.region,0.132,no,representation.text.plain_text,"Tech spec category names (Processor, Memory, etc.); FineType chose region but these are plain text labels.",description,sherlock
sherlock,,,"[""November 15, 1962"", ""July 31, 1965"", ""June 5, 1967"", ""March 6, 1960"", ""December 19, 1964"", ""December 14, 1966"", ""August 25, 1970"", ""September 12, 1965"", ""January 21, 1963"", ""June 16, 1955"", ""March 8, 1965"", ""April 10, 1960"", ""August 5, 1962"", ""September 3, 1966""]",datetime.date.long_full_month,high,datetime.date.long_full_month,0.929,yes,datetime.date.long_full_month,,birth Date,sherlock
sherlock,,,"[""Livin Out Loud"", ""Livin Out Loud"", ""Livin Out Loud"", ""Livin Out Loud""]",representation.text.plain_text,medium,geography.location.region,1.0,no,representation.text.plain_text,Album/song title repeated; FineType chose region but this is a text entity name/plain_text.,artist,sherlock
sherlock,,,"["""", ""USA"", """", ""USA"", """", ""USA"", ""USA""]",geography.location.country_code,medium,geography.transportation.iata_code,0.571,no,geography.location.country_code,Values are ISO country codes (USA); FineType chose iata_code but USA is not an airport code.,country,sherlock
sherlock,,,"[""91.54"", ""15.05"", ""30.78"", ""11.11"", ""10,421"", ""12.9""]",representation.numeric.decimal_number,medium,representation.numeric.decimal_number,0.833,yes,representation.numeric.decimal_number,,city,sherlock
sherlock,,,"[""utr-variant-3-prime"", ""reference, synonymous-codon"", ""missense, reference"", ""utr-variant-3-prime"", ""utr-variant-3-prime""]",representation.text.plain_text,medium,representation.discrete.categorical,0.6,no,representation.text.plain_text,"Genetic variant descriptions; FineType chose discrete.categorical which has some merit, but plain_text is more accurate for these free-form bioinformatics annotations.",type,sherlock
sherlock,,,"[""Brazil"", ""United States"", ""Paraguay"", """"]",geography.location.country,high,geography.location.country,0.5,yes,geography.location.country,,origin,sherlock
sherlock,,,"[""Carlos Jr Marquez"", ""Clyde Martin"", ""Kendrick Carmouche"", ""Mario Pino"", ""Jeremy Rose"", ""Arnaldo Unsihuay"", ""Gabriel Saez""]",identity.person.full_name,high,representation.text.entity_name,0.143,no,identity.person.full_name,Full names of jockeys; FineType chose entity_name with low confidence but full_name is more specific.,jockey,sherlock
sherlock,,,"[""12.4\"""", ""7.25\""""]",representation.numeric.decimal_number,medium,geography.address.postal_code,1.0,no,representation.numeric.decimal_number,"Measurements with inch marks (12.4"", 7.25""); FineType chose postal_code which is incorrect.",depth,sherlock
sherlock,,,"[""Loss"", ""Win"", ""Loss"", ""Win"", ""Win"", ""Loss"", ""Win"", ""Win"", ""Loss"", """", ""Loss"", ""Loss"", ""Win"", ""Win"", ""Loss"", ""Win"", """", ""Loss"", ""Loss"", """"]",representation.discrete.categorical,high,identity.person.last_name,0.45,no,representation.discrete.categorical,Win/Loss values; FineType chose last_name which is wrong.,result,sherlock
sherlock,,,"[""I"", ""II"", ""III"", ""IV"", ""V"", ""VI""]",representation.discrete.ordinal,high,representation.discrete.ordinal,1.0,yes,representation.discrete.ordinal,,class,sherlock
sherlock,,,"[""alegria"", ""live at the public theater new york 1980 vol. II"", ""departure"", ""acrobati folli e innamorati"", ""humming"", ""dear mr. cole"", ""infinitesimal flash"", ""the tapscott sessions/ vol.8"", ""espoir"", ""tour de force""]",representation.text.plain_text,high,representation.discrete.ordinal,0.3,no,representation.text.plain_text,"Album titles in lowercase; FineType chose ordinal with low confidence, plain_text is more appropriate.",album,sherlock
sherlock,,,"[""SR"", ""SR"", ""SR"", ""SR"", ""SR"", ""SR"", ""SR"", ""JR"", ""JR"", ""JR"", ""JR"", ""JR"", ""JR"", ""JR"", ""JR"", ""SO"", ""SO"", ""SO"", ""SO"", ""SO""]",representation.discrete.categorical,high,geography.location.country_code,1.0,no,representation.discrete.categorical,SR/JR/SO are academic class year codes; FineType chose country_code which is wrong.,class,sherlock
sherlock,,,"[""La Salle Parish, Louisiana, United States"", ""Marshall County, Tennessee, United States"", ""Blount County, Tennessee, United States"", ""Maury County, Tennessee, United States"", ""Pinellas County, Florida, United States"", ""Aiken County, South Carolina, United States"", ""Cook County, Illinois, United States"", ""Comanche County, Texas, United States"", ""Sebastian County, Arkansas, United States"", ""Madison County, Illinois, United States"", ""La Salle Parish, Louisiana, United States"", ""Morgan County, Kentucky, United States"", ""Oxford County, Maine, United States"", ""Oxford County, Maine, United States"", ""Oxford County, Maine, United States"", ""Jackson County, Illinois, United States"", ""Lincoln County, West Virginia, United States"", ""Cabell County, West Virginia, United States"", ""Lincoln County, West Virginia, United States"", ""Clay County, Tennessee, United States""]",geography.address.full_address,medium,representation.text.entity_name,0.75,no,geography.location.region,"County, State, Country format addresses; FineType chose entity_name, but region/location is more accurate.",region,sherlock
sherlock,,,"["""", ""F"", """", ""F"", """", ""F"", """", ""F"", """", ""F"", """", ""F"", """", ""F"", """", ""F"", """", ""F"", ""F"", """"]",representation.discrete.categorical,medium,representation.boolean.initials,0.8,no,representation.discrete.categorical,F with blanks (likely Female indicator); FineType chose boolean.initials but categorical is more appropriate given sparsity.,sex,sherlock
sherlock,,,"[""G"", ""G"", ""G"", ""F"", ""G"", ""C"", ""F"", ""F"", ""G"", ""C"", ""G"", ""G"", ""F"", ""F"", ""G"", ""G"", ""F""]",representation.discrete.categorical,high,representation.discrete.categorical,0.8,yes,representation.discrete.categorical,,position,sherlock
sherlock,,,"[""M mescam (4)"", ""L Morris"", ""L Morris"", ""L Morris"", ""L Morris"", ""L Morris""]",identity.person.full_name,medium,identity.person.last_name,0.833,no,identity.person.full_name,"Abbreviated person names with initials (M mescam, L Morris); FineType chose last_name but full_name (with initials) is correct.",jockey,sherlock
sherlock,,,"[""4"", ""6""]",representation.numeric.integer_number,medium,representation.boolean.initials,1.0,no,representation.numeric.integer_number,"Small integers (4, 6) representing age; FineType chose boolean.initials which is wrong.",age,sherlock
sherlock,,,"[""2. Blackburn"", ""3. Bolton"", ""4. Brentford"", ""5. Brighton"", ""6. Bristol City"", ""7. Burnley"", ""8. Cardiff""]",representation.text.plain_text,medium,geography.location.region,1.0,no,representation.text.entity_name,"Numbered team/club names (2. Blackburn, etc.); FineType chose region but these are entity names.",team,sherlock
sherlock,,,"[""Over The Top - The Helicopter Company"", ""Lakes District Funeral Services"", ""Aurecon"", ""Orb Communications & Big Bear"", ""Blackwoods Paykels"", ""Queenstown Trout Safaris""]",representation.text.entity_name,high,representation.text.entity_name,0.5,yes,representation.text.entity_name,,company,sherlock
sherlock,,,"[""2"", ""3"", ""4""]",representation.numeric.integer_number,medium,representation.numeric.integer_number,1.0,yes,representation.numeric.integer_number,,age,sherlock
sherlock,,,"[""556"", ""1814"", ""467""]",representation.numeric.integer_number,medium,representation.identifier.numeric_code,1.0,no,representation.numeric.integer_number,"Numeric values (556, 1814, 467) representing ranks; FineType chose numeric_code which is acceptable but integer_number is more precise.",rank,sherlock
sherlock,,,"[""Corp.VP, General Counsel & Sec"", ""Director"", ""Director"", ""Director"", ""COO & SVP"", ""CEO & President (Click for the stocks that their CEOs have bought)"", ""CEO & President"", ""CUO & SVP"", ""CEO & President"", ""COO & SVP"", ""CEO & President"", ""COO & SVP"", ""CEO & President"", ""CEO & President"", ""CEO & President"", ""CEO & President"", ""CEO & President"", ""CEO & President"", ""CEO & President"", ""CEO, President and Chairman""]",representation.text.plain_text,high,representation.text.entity_name,0.55,no,representation.text.plain_text,"Job titles (CEO, Director, etc.); FineType chose entity_name which has some merit, but plain_text is more appropriate for job titles.",position,sherlock
sherlock,,,"[""Hip Hop"", ""Hip Hop"", ""Electronic-Dance"", ""Electronic-Dance"", ""Electronic-Dance"", ""Electronic-Dance"", ""Electronic-Dance"", ""Electronic-Dance"", ""Electronic-Dance"", ""Electronic-Dance""]",representation.discrete.categorical,high,geography.location.region,0.8,no,representation.discrete.categorical,Music genres; FineType chose region which is wrong.,genre,sherlock
sherlock,,,"[""10%"", ""None"", ""10%"", ""None"", ""None"", ""None"", ""None"", ""30%"", ""None"", ""None"", ""None"", ""20%"", ""None"", ""None"", ""30%""]",representation.numeric.percentage,medium,geography.address.street_suffix,0.667,no,representation.numeric.percentage,Percentage values with None; FineType chose street_suffix which is wrong.,director,sherlock
sherlock,,,"[""K-mail"", ""K-mail"", ""K-mail"", ""K-mail"", ""K-mail"", ""K-mail"", ""K-mail"", ""K-mail""]",representation.text.plain_text,high,geography.location.country,1.0,no,representation.text.plain_text,Repeated single product name 'K-mail'; FineType chose country which is wrong.,product,sherlock
sherlock,,,"[""Jakarta"", ""West Sumatra"", ""South Sumatra et Betar Lampung"", ""Kupang"", ""Sulawesi Islet"", ""Jombang"", ""Malang"", ""South Sumatra et Betar Lampung"", ""Solo Yogyakarta"", ""Sumbawa"", ""Madiun"", ""North Sumatra"", ""Cirebon"", ""Purwakarta"", ""Bandung""]",geography.location.city,medium,representation.text.entity_name,0.5,no,geography.location.city,"Indonesian city/region names; FineType chose entity_name with low confidence, city is more accurate.",city,sherlock
sherlock,,,"[""Duonett D7"", ""Duonett D 7"", ""Duonett D 7""]",representation.text.plain_text,medium,representation.text.entity_name,0.667,no,representation.text.plain_text,Product model names; FineType chose entity_name which is acceptable.,product,sherlock
sherlock,,,"[""Celtic"", ""Aberdeen"", ""Inverness CT"", ""St Johnstone"", ""Dundee Utd"", ""Dundee"", ""Hamilton"", ""Partick"", ""Ross County"", ""Kilmarnock""]",representation.text.entity_name,high,representation.text.entity_name,0.3,yes,representation.text.entity_name,,team,sherlock
sherlock,,,"[""28"", ""28"", ""30"", ""23"", ""29"", ""33"", ""28"", ""26"", ""31"", ""27"", ""32"", ""37"", ""28"", ""38"", ""26"", ""36"", ""26"", ""36"", ""34"", ""29""]",representation.numeric.integer_number,high,representation.identifier.numeric_code,1.0,no,representation.numeric.integer_number,Ages (23-38); FineType chose numeric_code but integer_number is more precise.,age,sherlock
sherlock,,,"[""IN PROGRESS"", ""IN PROGRESS"", ""DONE"", ""DONE"", ""IN PROGRESS"", ""TO DO""]",representation.discrete.categorical,high,representation.numeric.integer_number,0.5,no,representation.discrete.categorical,Task status values; FineType chose numeric_code which is wrong.,status,sherlock
sherlock,,,"[""Open"", ""Open"", ""Unanswered"", ""Open"", ""Answered""]",representation.discrete.categorical,high,geography.location.country,0.4,no,representation.discrete.categorical,Ticket status values; FineType chose country which is wrong.,status,sherlock
sherlock,,,"[""Win"", ""Win"", ""Win"", ""Win"", ""Loss"", ""Win"", ""Win"", ""Loss"", ""Loss"", ""Win"", ""Loss"", ""Win"", ""Win"", ""Win"", ""Loss"", ""Loss"", ""Win"", ""Loss"", ""Win"", ""Loss""]",representation.discrete.categorical,high,identity.person.last_name,0.4,no,representation.discrete.categorical,Win/Loss values; FineType chose last_name which is wrong.,result,sherlock
sherlock,,,"[""Anderson"", ""Andrews"", ""Angelina"", ""Aransas"", ""Archer"", ""Armstrong"", ""Atascosa"", ""Austin"", ""Bailey"", ""Bandera"", ""Bastrop"", ""Baylor"", ""Bee"", ""Bell"", ""Bexar"", ""Blanco"", ""Bosque"", ""Bowie"", ""Brazoria"", ""Brazos""]",geography.location.region,high,geography.location.country,0.125,no,geography.location.region,"Texas county names; FineType chose country with low confidence, region is more accurate.",county,sherlock
sherlock,,,"[""None"", ""13.0""]",representation.numeric.decimal_number,low,geography.address.street_suffix,0.5,no,representation.numeric.decimal_number,Decimal number with None; FineType chose street_suffix which is wrong.,ranking,sherlock
sherlock,,,"[""Les Bantous de la Capitale"", ""Les Bantous de la Capitale"", ""Les Bantous de la Capitale"", """", ""Pamelo Mounk'a"", ""Pamelo Mounk'a et Bantous de la Capitale"", ""Les Bantous de la Capitale"", """", ""Pamelo Mounk'a et Bantous de la Capitale"", ""Passy Mermans & Orchestre Lisolo"", ""Les Bantous de la Capitale"", """", ""Pamelo Mounk'a"", ""Orchestre Bantous De La Capitale"", ""Pamelo Mounk'a et Bantous de la Capitale"", """", ""Les Bantous de la Capitale"", ""Passy Mermans & Orchestre Bantous"", ""Les Bantous de la Capitale"", ""Passy Mermans & Orchestre Bantous""]",representation.text.entity_name,high,geography.location.region,0.4,no,representation.text.entity_name,Artist/band names; FineType chose region but entity_name is correct.,artist,sherlock
sherlock,,,"[""Mon"", ""Tues"", ""Wed"", ""Thurs"", ""Fri"", ""Sat"", ""Sun""]",datetime.component.day_of_week,high,representation.text.entity_name,0.071,no,datetime.component.day_of_week,"Abbreviated day names (Mon, Tues, etc.); FineType chose entity_name with very low confidence, day_of_week is correct.",order,sherlock
sherlock,,,"[""Rap"", ""Electronic, Pop/Rock"", ""Rap"", ""Electronic, Pop/Rock"", ""Electronic, Rap"", ""Electronic, Latin, Pop/Rock"", ""Electronic"", ""Rap"", ""Electronic, Pop/Rock"", ""R&B, Rap""]",representation.discrete.categorical,medium,representation.text.entity_name,0.5,no,representation.discrete.categorical,"Music genres; FineType chose entity_name with low confidence, categorical is more appropriate.",genre,sherlock
sherlock,,,"[""1356.0"", ""0.0""]",representation.numeric.decimal_number,high,geography.coordinate.latitude,0.5,no,representation.numeric.decimal_number,Decimal numbers; FineType chose coordinate.latitude which is plausible but decimal_number is more general.,elevation,sherlock
sherlock,,,"[""Loss"", ""Win"", ""Win""]",representation.discrete.categorical,high,identity.person.last_name,0.333,no,representation.discrete.categorical,Win/Loss values; FineType chose last_name which is wrong.,result,sherlock
sherlock,,,"[""CO"", ""IL""]",geography.location.region,high,representation.scientific.smiles,0.5,no,geography.location.region,"US state abbreviations (CO, IL); FineType chose smiles which is wrong.",state,sherlock
sherlock,,,"[""isbn 0312367546"", ""isbn 0061139378"", ""isbn 0394820371"", ""isbn 0618260307"", ""isbn 0618346252"", ""isbn 0618391118"", ""isbn 0345391802"", ""isbn 0440238153"", ""isbn 0679879250"", ""isbn 0679879242"", ""isbn 0439785960"", ""isbn 0545010225"", ""isbn 0060764899"", ""isbn 0066238501""]",identity.commerce.isbn,high,representation.identifier.alphanumeric_id,0.036,no,identity.commerce.isbn,"ISBN codes with 'isbn' prefix; FineType chose alphanumeric_id with very low confidence, isbn is clearly correct.",isbn,sherlock
sherlock,,,"[""Scheu, N."", ""Kaefer, John"", ""Casey, Pat"", ""Erickson, Dan"", ""Nadler, Mitch""]",identity.person.full_name,high,identity.person.full_name,1.0,yes,identity.person.full_name,,name,sherlock
sherlock,,,"[""Client Liaison - EP"", ""Client Liaison - EP"", ""Client Liaison - EP"", ""Client Liaison - EP"", ""Client Liaison - EP"", ""Free of Fear - EP"", ""Client Liaison - EP"", ""Free of Fear - EP"", ""Queen - Single"", ""Evolution - Single""]",representation.text.plain_text,medium,representation.discrete.categorical,0.9,no,representation.text.plain_text,"Album/EP name strings; FineType chose discrete.categorical which has some merit, plain_text is more accurate.",album,sherlock
sherlock,,,"[""KIGOMA"", ""IRINGA"", ""DAR ES SALAAM"", ""KILIMANJARO"", ""NJOMBE"", ""RUVUMA"", ""KAGERA"", ""IRINGA"", ""ARUSHA"", ""ARUSHA"", ""MOROGORO"", ""MANYARA"", ""MTWARA"", ""KAGERA"", ""KAGERA"", ""DAR ES SALAAM"", ""MARA"", ""MARA"", ""TANGA"", ""TANGA""]",geography.location.region,high,representation.scientific.protein_sequence,0.5,no,geography.location.region,Tanzanian region names in caps; FineType chose protein_sequence which is completely wrong.,region,sherlock
sherlock,,,"[""Last 7 Games"", ""Last 15 Games"", ""Last 30 Games""]",representation.text.plain_text,medium,representation.text.entity_name,1.0,no,representation.text.plain_text,"Time period descriptions (Last 7 Games, etc.); FineType returned an invalid label 'representation.alphanumeric.alphanumeric_id', plain_text is correct.",duration,sherlock
sherlock,,,"[""CALM"", ""GTT"", ""SLP"", ""BOOT"", ""OUTR""]",representation.text.plain_text,medium,representation.identifier.alphanumeric_id,0.5,no,representation.text.plain_text,Stock ticker symbols; FineType chose medical.loinc which is wrong.,symbol,sherlock
sherlock,,,"[""C"", ""2-3"", ""3-4"", ""4-5"", ""3-4"", ""1-2"", ""3-4"", ""1-2"", ""4-5"", ""1-2"", ""3-4"", ""1-2"", ""4-5"", ""SF"", ""2-3"", """", ""SG"", """", ""PG"", ""SF""]",representation.discrete.categorical,medium,identity.medical.loinc,0.65,no,representation.discrete.categorical,"Basketball positions and score ranges mixed; FineType chose full_name with low confidence, categorical is more appropriate.",position,sherlock
sherlock,,,"[""XML"", ""Unknown"", ""Adobe PDF"", ""Unknown""]",representation.text.plain_text,medium,identity.person.full_name,0.125,no,representation.discrete.categorical,"File format names (XML, PDF, etc.); FineType chose boolean.initials which is wrong.",format,sherlock
sherlock,,,"["""", """", """", ""La Salle Academy"", """", """", ""Ebbets Field"", """"]",representation.text.plain_text,medium,representation.boolean.initials,0.75,no,representation.text.plain_text,"Venue/location names with many blanks; FineType chose geography.location.region which has some merit, but these are specific venue names not regions.",notes,sherlock
sherlock,,,"[""Standard Shipping (UPS Ground)"", ""Local Pickup""]",representation.text.plain_text,medium,geography.location.region,0.5,no,representation.text.plain_text,"Shipping method descriptions; FineType chose entity_name with low confidence, plain_text is more accurate.",service,sherlock
sherlock,,,"[""Gail Roper"", ""Nanette H Bohl"", ""Jean Troy"", ""Nancy MacBeth"", ""Edie Gruender"", ""Betty Russ"", ""Ann M Hirsch"", ""Ann Shenck Dallam"", ""Carol Ferguson"", ""Laurine Schuler""]",identity.person.full_name,high,representation.text.entity_name,0.4,no,identity.person.full_name,,name,sherlock
sherlock,,,"[""South Africa"", ""Ukraine"", ""Lesotho"", ""Chad"", ""Guinea-Bissau"", ""Bulgaria"", ""Afghanistan"", ""Central African Republic"", ""Somalia"", ""Russia"", ""Swaziland"", ""Serbia"", ""Estonia"", ""Latvia"", ""Namibia"", ""Belarus"", ""Botswana"", ""Mali"", ""Nigeria"", ""Gabon""]",geography.location.country,high,geography.location.region,0.35,no,geography.location.country,"Country names; FineType chose region, country is more accurate.",country,sherlock
sherlock,,,"[""Delinquent"", ""Retired""]",representation.discrete.categorical,high,geography.location.country,0.5,no,representation.discrete.categorical,"Status labels (Delinquent, Retired); FineType chose country which is wrong.",status,sherlock
sherlock,,,"[""John HODGKINSON, farmer"", ""Josh HODGKINSON, farmer"", ""James Henry MATHER""]",identity.person.full_name,medium,identity.person.full_name,1.0,yes,identity.person.full_name,"Names with occupation (John HODGKINSON, farmer); FineType chose full_name which agrees.",person,sherlock
sherlock,,,"[""Wilson"", ""Gibson"", ""Shelby"", ""Montgomery"", ""Maury"", ""Shelby"", ""Henderson"", ""Henry"", ""Washington"", ""Knox"", ""Madison"", ""Carter"", ""Gibson"", ""Davidson"", ""Shelby"", ""Henderson"", ""Henderson"", ""Giles"", ""Madison"", ""Maury""]",geography.location.region,high,identity.person.last_name,0.6,no,geography.location.region,"County names; FineType chose last_name with medium confidence, region is more accurate.",county,sherlock
sherlock,,,"[""Ichiro Mizuki & Koji Hayama"", ""Masaaki Endo"", ""\u5ca9\u6c38\u96c5\u5b50"", ""\u9244\u8155\u5144\u5f1f"", ""MIQ"", ""Toshihiko Seki"", ""\u30a2\u30c3\u30d7\u30eb\u30d1\u30a4"", ""Kenyu Horiuchi"", ""\u5ca9\u6c38\u96c5\u5b50"", ""\u304b\u306a\u3044\u307f\u304b"", ""Ryuzou Ishino"", ""\u4e9c\u7f8e\u4e45\u5b50"", ""Ichiro Mizuki"", ""Mitsuko Horie"", ""\u9244\u8155\u5144\u5f1f"", ""\u5ca9\u6c38\u96c5\u5b50"", ""Hironobu Kageyama"", ""Sachi & Nao"", ""Akira Kushida"", ""Narumi Hidaka""]",identity.person.full_name,medium,representation.text.entity_name,0.4,no,identity.person.full_name,"Artist names including Japanese; FineType chose entity_name, full_name is more specific.",artist,sherlock
sherlock,,,"[""Eaton, G.A., Residence"", ""Eaton, G. Stanley, Residence"", ""Efinger, Alfred, Residence"", ""Efinger, Andrew, Residence"", ""Eger, H.B., Hdw & Implements"", ""Eger, H.B., Residence"", ""Eggers, H.A., Residence"", ""Elfering, Mrs. Mary, Residence"", ""E., J. & E. Ry. Co., Depot"", ""E., J. & E. Ry. Co., Depot"", ""Ellis, Mabel, Residence"", ""Ellis, William, Residence"", ""Ellsworth, E.E., Residence"", ""Enderlin, Fred, Saloon"", ""Engleberry, H.P., Residence"", ""Epker, R.B., Residence"", ""Ernst, Carl, General Mdse"", ""Ernsting, Wm., Residence"", ""Evans, Henry, Residence"", ""Everet, Geo., Coal & Feed""]",identity.person.full_name,medium,identity.person.full_name,0.9,yes,identity.person.full_name,Person names with business info; FineType chose full_name which agrees.,person,sherlock
sherlock,,,"[""Decimal"", ""D\u00b0 MM' SS\"""", ""D\u00b0 MM.MMM'""]",representation.text.plain_text,medium,geography.location.country,1.0,no,representation.text.plain_text,"Coordinate format descriptions; FineType chose country with low confidence, plain_text is correct.",format,sherlock
sherlock,,,"[""class-map type inspect smtp"", ""ip inspect name""]",representation.text.plain_text,medium,geography.location.country,0.5,no,representation.text.plain_text,Network config commands; FineType chose country which is wrong.,command,sherlock
sherlock,,,"[""match access-group"", ""match class-map"", ""match protocol"", ""policy-map type inspect""]",representation.text.plain_text,medium,geography.location.country,0.5,no,representation.text.plain_text,Network policy commands; FineType chose country which is wrong.,command,sherlock
sherlock,,,"[""0.0"", ""0.0"", ""488.0""]",representation.numeric.decimal_number,high,representation.numeric.decimal_number,1.0,yes,representation.numeric.decimal_number,,elevation,sherlock
sherlock,,,"[""CSAM"", ""USF"", ""USF"", ""LBG"", ""SBAS""]",representation.text.plain_text,medium,geography.transportation.iata_code,0.6,no,representation.text.plain_text,"Short code abbreviations (CSAM, USF, etc.); FineType chose iata_code which is possible but plain_text is safer.",club,sherlock
sherlock,,,"[""Real Estate"", ""Real Estate"", ""Search"", ""Electronic Signature"", ""Search"", ""Mapping"", ""Mapping"", ""Real Estate"", ""Real Estate"", ""Search""]",representation.discrete.categorical,high,representation.text.entity_name,0.5,no,representation.discrete.categorical,"Industry/sector categories; FineType chose entity_name, categorical is more accurate.",category,sherlock
sherlock,,,"[""CALM"", ""GTT"", ""SLP"", ""BOOT"", ""OUTR""]",representation.text.plain_text,medium,representation.identifier.alphanumeric_id,0.5,no,representation.text.plain_text,"Stock ticker symbols; FineType returned invalid label, plain_text is correct.",symbol,sherlock
sherlock,,,"[""Men"", ""Women""]",representation.text.plain_text,medium,identity.person.last_name,0.5,no,representation.text.plain_text,,type,sherlock
sherlock,,,"[""7:30-6:00"", ""7:30-6:00"", ""8:00-5:00""]",representation.file.mime_type,medium,representation.file.excel_format,1.0,no,representation.text.plain_text,Time range strings (7:30-6:00); FineType chose excel_format which is wrong.,service,sherlock
sherlock,,,"[""350cc"", ""250cc""]",geography.address.postal_code,medium,geography.address.postal_code,1.0,yes,representation.text.plain_text,"Engine displacement values (350cc, 250cc); FineType chose postal_code which is wrong.",category,sherlock
sherlock,,,"[""Tampa Bay"", ""New York Yankees"", ""Boston"", ""Toronto"", ""Baltimore""]",geography.location.city,medium,geography.location.city,0.4,yes,representation.text.entity_name,"Sports team names; FineType chose city with low confidence, entity_name is more accurate.",team,sherlock
sherlock,,,"["""", ""BLND"", ""DEAF"", ""WCHR"", ""WCHS"", ""WCHC"", ""WCMP"", ""WCBD"", ""Blindenhund"", """", """", ""BAG"", ""BAG (BM)"", ""BAG 2 - 5"", ""XBA/XMA"", ""XBB-XBE/MBXME"", ""SKI"", ""WEA"", ""GOLF"", ""BIKE""]",representation.text.entity_name,high,representation.text.entity_name,0.5,yes,representation.discrete.categorical,"Service/accessibility codes; FineType chose entity_name which is incorrect, categorical is better.",service,sherlock
sherlock,,,"[""wasp2020"", ""ShittyMcShit"", ""LifeInGreen"", ""Dasyati"", ""Dasyati"", ""SpliceVW"", ""lazytown4"", ""max"", ""miochza"", ""ligamentx"", ""pineappleclock"", ""monsterparty"", ""kraln"", ""Thiguy"", ""Deebsdavid"", ""suuzlnerm"", ""fxbx""]",geography.location.region,high,geography.location.region,0.059,yes,identity.person.username,"Usernames; FineType chose region with very low confidence, username is correct.",creator,sherlock
sherlock,,,"[""470"", ""470"", ""49er"", ""49erFX"", ""Finn"", ""Laser"", ""Laser 4.7"", ""Laser Radial"", ""Laser Radial"", ""Nacra 17"", ""Optimist"", ""RS:X"", ""RS:X""]",representation.scientific.smiles,low,representation.scientific.smiles,0.077,yes,representation.text.plain_text,Sailing boat class names; FineType chose scientific.smiles which is wrong.,class,sherlock
sherlock,,,"[""??"", ""??"", ""??"", ""??"", ""??"", ""??"", ""Denmark"", ""??"", ""??"", ""??"", ""??"", ""UK"", ""UK"", ""Switzerland"", ""UK"", ""UK"", ""UK"", ""UK"", ""UK"", ""USA""]",geography.location.country,medium,geography.location.country,0.05,yes,geography.location.country,"Country names with ?? placeholders; FineType chose country with very low confidence, country is still correct.",country,sherlock
sherlock,,,"[""IRQ"", ""EGY"", ""GIN"", ""SYR"", ""LBN"", ""TCD"", ""BEN"", ""KAZ"", ""MLI"", ""BFA""]",geography.location.country_code,high,geography.transportation.iata_code,0.8,no,geography.location.country_code,,country,sherlock
sherlock,,,"[""13,347"", ""13,348"", ""13,349"", ""13,351"", ""13,352"", ""13,353"", ""13,354"", ""13,355"", ""13,356"", ""13,357"", ""13,358""]",representation.numeric.integer_number,high,representation.numeric.decimal_number_comma,1.0,no,representation.numeric.integer_number,"Comma-formatted integers (13,347 etc.); FineType chose decimal_number_comma, integer_number is more accurate for sequential IDs.",rank,sherlock
sherlock,,,"[""German"", ""English""]",representation.text.plain_text,medium,geography.location.country,1.0,no,representation.text.plain_text,Language names; FineType chose country which is wrong.,language,sherlock
sherlock,,,"[""Preview"", ""Preview""]",geography.location.region,high,geography.location.region,1.0,yes,representation.discrete.categorical,Status labels; FineType chose region which is wrong.,status,sherlock
sherlock,,,"[""45,238"", """", """", ""7,861"", ""3,045"", """", ""46,895"", ""20,698"", """", ""30,162"", ""19,528"", """", """", ""5,582"", ""3,335"", ""4,655"", ""2,864"", ""7,317"", ""4,461"", ""5,194""]",representation.numeric.integer_number,medium,representation.numeric.decimal_number_comma,0.7,no,representation.numeric.integer_number,"Comma-formatted large integers; FineType chose decimal_number_comma which has some merit, integer_number is more precise.",sales,sherlock
sherlock,,,"[""AS"", ""FPAY"", ""REMI"", ""LAPS"", ""FP""]",representation.text.plain_text,medium,representation.identifier.alphanumeric_id,0.6,no,representation.text.plain_text,"Short code abbreviations; FineType returned invalid label, plain_text is correct.",code,sherlock
sherlock,,,"[""SCAR"", ""SCAR"", ""SCAR"", ""SCAR"", ""SCAR""]",representation.text.plain_text,medium,geography.transportation.icao_code,1.0,no,representation.text.plain_text,Single repeated code 'SCAR'; FineType chose icao_code which is possible but plain_text is safer.,team,sherlock
sherlock,,,"[""TR"", ""TR""]",representation.text.plain_text,low,geography.location.country_code,1.0,no,representation.text.plain_text,"Short code 'TR'; FineType chose country_code which is possible but these are 2-letter day abbreviations or codes, plain_text is safer.",day,sherlock
sherlock,,,"[""Approved"", ""Approved"", ""Closed / Terminated"", ""Closed / Terminated"", ""Closed / Terminated"", ""Approved"", ""Closed / Terminated"", ""Closed / Terminated"", ""Closed / Terminated"", ""Closed / Terminated"", ""Closed / Terminated"", ""Closed / Terminated"", ""Approved"", ""Closed / Terminated"", ""Closed / Terminated"", ""Closed / Terminated"", ""Closed / Terminated"", ""Closed / Terminated"", ""Closed / Terminated"", ""Closed / Terminated""]",representation.discrete.categorical,high,representation.text.entity_name,0.8,no,representation.discrete.categorical,Approval status values; FineType chose entity_name which is wrong.,status,sherlock
